<?xml version="1.0" encoding="UTF-8" ?>
<XMLDB PATH="local/user_queue_mail/db" VERSION="20240224" COMMENT="XMLDB file for Moodle local/user_queue_mail"
    xmlns:xsi="http://www.w3.org/2001/XMLSchema-instance"
    xsi:noNamespaceSchemaLocation="../../../lib/xmldb/xmldb.xsd"
>
  <TABLES>
    <TABLE NAME="local_user_queue_mail" COMMENT="Default comment for local_user_queue_mail, please edit me">
      <FIELDS>
        <FIELD NAME="id" TYPE="int" LENGTH="10" NOTNULL="true" SEQUENCE="true"/>
        <FIELD NAME="firstname" TYPE="text" NOTNULL="false" SEQUENCE="false"/>
        <FIELD NAME="lastname" TYPE="text" NOTNULL="false" SEQUENCE="false"/>
        <FIELD NAME="email" TYPE="text" NOTNULL="false" SEQUENCE="false"/>
        <FIELD NAME="mail_content" TYPE="text" NOTNULL="false" SEQUENCE="false"/>
        <FIELD NAME="email_status" TYPE="int" LENGTH="20" NOTNULL="false" DEFAULT="0" SEQUENCE="false"/>
        <FIELD NAME="email_delivered_time" TYPE="text" NOTNULL="false" SEQUENCE="false"/>
        <FIELD NAME="usermodified" TYPE="int" LENGTH="10" NOTNULL="true" DEFAULT="0" SEQUENCE="false"/>
        <FIELD NAME="timecreated" TYPE="int" LENGTH="10" NOTNULL="true" DEFAULT="0" SEQUENCE="false"/>
        <FIELD NAME="timemodified" TYPE="int" LENGTH="10" NOTNULL="true" DEFAULT="0" SEQUENCE="false"/>
      </FIELDS>
      <KEYS>
        <KEY NAME="primary" TYPE="primary" FIELDS="id"/>
        <KEY NAME="usermodified" TYPE="foreign" FIELDS="usermodified" REFTABLE="user" REFFIELDS="id"/>
      </KEYS>
    </TABLE>
    <TABLE NAME="mail_data" COMMENT="Default comment for the table, please edit me">
      <FIELDS>
        <FIELD NAME="id" TYPE="int" LENGTH="10" NOTNULL="true" SEQUENCE="true"/>
        <FIELD NAME="mail_title" TYPE="text" NOTNULL="true" SEQUENCE="false"/>
        <FIELD NAME="mail_content" TYPE="text" NOTNULL="true" SEQUENCE="false"/>
        <FIELD NAME="status" TYPE="int" LENGTH="10" NOTNULL="true" DEFAULT="1" SEQUENCE="false"/>
      </FIELDS>
      <KEYS>
        <KEY NAME="primary" TYPE="primary" FIELDS="id"/>
      </KEYS>
    </TABLE>
  </TABLES>
</XMLDB>
